"category","Lobistas","Reuniões","Reuniões_por_lobista"
"Business",2409,22427,9.30967206309672
"NGOs",1271,10966,8.62785208497246
"Other",1042,6950,6.66986564299424
