metric,value
count,12468.0
mean,-inf
std,
min,-inf
p25,10.126631103850338
median,11.512925464970229
p75,12.928151148770223
max,24.65817409414506
