Tema,Total,Proporção
Infraestrutura e Indústria,8515,0.6829483477702919
Tecnologia,8472,0.6794995187680462
Economia e Comércio,8402,0.6738851459736926
Ambiente e Clima,8067,0.6470163618864293
Política Externa e Segurança,6393,0.512752646775746
Saúde,5447,0.43687840872633943
Educação,5134,0.41177414180301575
Agricultura,4405,0.3533044594161052
Direitos Humanos,3156,0.2531280076997113
